,0,1
0,U of T community remembers victims of gender - based violence,SA
1,Asian Markets Mostly Higher,T
2,Sexual Workers in Costa Rica Affirm Having Suffered Violence by Members of Police Forces,SA
3,"United States Embassy hosts Panel Discussion to mark "" 16 Days of Activism against Gender - based Violence """,T
4,Teen charged after threats made against Chesterfield County school,M
5,"El infierno , de vuelta en la frontera",T
6,Supreme Court to hear Ayodhya Ram Mandir matter on August 11,T
7,President Buhari hints at re - election in Kano,T
8, ' If I were to return to Zanu - PF ',SH
9,Press Conference at NATO,M
10,Val kritika nakon Trumpove odluke o statusu Jeruzalema,T
11,"Honduras : Now 100+ US Rights Organizations Condemn Election Tampering , Urge Cut to US Military Aid | Grassroots International",T
12,Investigation of potential threat results in arrest of Mountain,M
13,U . S . Braces for Violence at Embassies Around Muslim World as DOnald Trump Nears Jerusalem Move,T
14,Trump calls on Saudi Arabia to end its Yemen blockade ' immediately ' for ' humanitarian reasons ',T
15,Netanyahu : ' All Countries That Seek Peace ' Should Follow Trump Example on Jerusalem ; No Takers Yet,M
16,"Shocking photos , headlines highlight the brutality of Mexican cartels in 2017",T
17,Per minacciare la ex aveva sgozzato una gallina : farai la stessa fine . Condannato,M
18,Studiu : DE CE LOVIM COPIII,T
19,The Latest Threat to Peace in Colombia : Congress,M
20,Cofer Lamezia in maglia arancione per dire no alla Violenza di genere,T
21,"Nearly 1 , 300 Nigerians repatriated from Libya in November",M
22,Malaysia Shares May Open In The Red,T
23,Is fascism making a comeback ? ( Part 1 ),T
24,Bill letting people bring concealed guns across state lines passes US House,T
25,"Alexandra Dinu si Adrien Brody vin in Romania pentru premiera filmului "" Capcana mortala / Bullet Head """,T
26,Una vita da social a Volterra 7 dicembre 2017,T
27,House passes bill to let gun owners to carry concealed weapons across state lines - News - Uticaod,T
28,Sactwu slams abuse of women,M
29,"Family , friends gather to remember loved ones lost to violent crime",T
30,Apex man accused of killing wife also faces domestic violence charges in Louisiana,M
31,Se apropie Ignatul . Vezi aici cu ce pret se vand porcii in Buzau si in tara,T
32,Jerusalem declared capital - World News,T
33,"5 Things for December 7 : Wildfires , Trump Jr ., Jerusalem , same - s - KXLH . com",T
34,EEUU : Alerta de viajes a Honduras,T
35,Blackwater founder Erik Prince denies he owes an ex - business partner $1 million - Veterans,M
36,"Lotta alla tratta , Regione organizza incontro a Cagliari il prossimo 11 dicembre",T
37,"As Baltimore murders soar anew , mayor talks of a turnaround",T
38,Jerusalem Israel capital : Trump - Arab allies warn of Mideast turmoil - ARAB TIMES,T
39,APO Group - Africa Newsroom / Press release,T
40,Women land defenders in Asia need more protection as ...,T
41,Charles - de - Blois . Arco Nova donne le la ! - Auray,T
42,Jones : ECB must put line through Stokes,SA
43,Police report,SA
44,Il Dispaccio,T
45," '' Spogliati e toccati '', la violenza di due bulli su una quindicenne",T
46,"US recognition of Jerusalem as Israel capital draws world concern , Latest World News",T
47,"Lecce , due bulli abusano e ricattano una 15enne : arrestati due minori",T
48,Ending refugee program for Central American youth may drive them to smugglers,SH
49,Federalna . ba,T
50,Bahrain takes a big leap in women empowerment,T
51,Farmers in Mexico avocado heartland are relying on vigilantes to protect their ' green gold ',T
52,Tiroteo en un Walmart de Miami deja un muerto y un oficial herido,T
53,Another Cape Town security company head arrested in underworld probe,T
54,"News in pictures - December 7 , 2017",T
55,"Surat : Patidars , traders could help Congress steal this BJP diamond",T
56,"Assault , thefts from houses down in latest BOCSAR statistics",SA
57,Tony Kansas City,T
58,Fitch rates Armenia ACBA - CREDIT AGRICOLE Bank bonds at ' B+ ',M
59,La violencia se agrava en estados con cambio de gobierno,T
60,"Veracruz , sexto en feminicidios",T
61,Zambia,T
62,Plaidoyer / Stop au viol des filles,T
63,KP govt drafts policy for women empowerment : Khattak,T
64,"One shelter not enough , says EU Delegation head | Lead Stories",SH
65,Break - and - enters still a problem in latest crime snapshot,T
66,"Religious freedom , civility , are at heart of struggle for democracy in Asia",M
67,Landry Capricornia record not one to be proud of : Watt,T
68,Zaid : Dr M s biggest mistake was keeping Najib in govt,T
69,"Lipsia , la citt futurista che ha segnato la storia della Germania",T
70,DR Congo : New ' Kivu Security Tracker ' Maps Eastern Violence - Democratic Republic of the Congo,T
71,Razbunare crunta ! Ce a facut un barbat din Vulcanesti unui tanar care i - a fotografiat fiica minora goala ( FOTO ),T
72,DR Congo : New ' Kivu Security Tracker ' Maps Eastern Violence,T
73,"Bump Stocks Get First Hearing in Senate , Dealt Another Blow in House",M
74,Twee loop hof met pastor,T
75,"Alliance needing donations to reopen - News - The Leavenworth Times - Leavenworth , KS",T
76,Tillerson acusa a Rusia de instigar la violencia en Ucrania,T
77, ' La Traviata ' desvela los primeros detalles,T
78,Honduran Government Disappointed in Economic Losses from Violence and Vandalism Following Election,T
79,Zambia launches strategy for tracking gender - based violence survivors,T
80,Las mujeres que dominan las bandas criminales,T
81,Nigeria : Herdsmen From Hell,T
82,Paris Holocaust museum opens exhibit on married Nazi hunters,M
83,SIT questions Dera chief Gurmeet Ram Rahim in Sunaria jail,T
84,Removal of Jefferson Davis plaque in Kentucky delayed,T
85,Dudley North MP Ian Austin backs Feed a Family appeal,T
86,Delaware religious leaders : Mixed emotions over Trump Jerusalem declaration,T
87,New gun rights bill passes - World News,T
88,Statement by the Prime Minister on the National Day of Remembrance and Action on Violence Against Women,T
89,Vigils for women murdered in Montreal massacre to be held in Waterloo region - Kitchener - Waterloo,M
90,Mwanza Registers Increasing Cases of GBV,T
91,World Bank Blogs,T
92," "" Te voy a matar por sapo "": Joven roba y asesina a su propio padre",T
93,"28 Years After Montreal Massacre , Women Still Fight Violence | News",M
94,Trump Jerusalem announcement raises concerns on Capitol Hill about peace process,M
95,North Carolina Looks To Change Gun Purchase Law,T
96,Javna rasprava o Istanbulskoj konvenciji radi nedoumica koje ona ostavlja,T
97,Goldsboro News - Argus,T
98,"Top Africa stories : Bona Mugabe , Grace Mugabe , Museveni",T
99,This woman biker vrooms ahead with a powerful message of women empowerment,M
100,"From India , a story of heroic martyrs",T
101,Zimbabwe | Country report | Freedom on the Net,T
102,Tillerson acusa a Rusia de instigar la violencia en el este de Ucrania,T
103,Most awkward beer Ricciardo ever had,T
104,Govt enhances ex - gratia to families of slain J & K policemen to 70 Lacs,M
105,Martial Law In Southern Philippines,SA
106,"Honeypreet produced before Panchkula court , given chargesheet copy",T
107,Restitution for murdered police officer after outcry over his unmarked grave | Photos,M
108,Bill to fix gun reporting system draws support from both sides,M
109,Controversial gun bill passes House despite protests,M
110,"Minar el poder criminal , no la democracia",T
111,Call to end gender - based violence continues at Day of Remembrance ceremonies | Local | News | The Western Star,T
112,Bangkok hospital bomber jailed for 27 years,SA
113,Malaysia under spotlight in freedom of thought index after atheist ' hunt ' | Malaysia | Mobile,M
114,Senate Democrats who backed ' concealed carry ' in 2013 no longer on board | State & Regional,M
115,Gujarat election : Can Congress breach urban BJP stronghold of ' diamond city ' Surat ?,T
116,Israel Herald,T
117,Vigil held for Sandy Hook families in D . C .,T
118,"Shafqat for Shahbaz removal , Sana arrest | Lahore",T
119,Hakimu kesi ya wabunge Chadema augua ghafla,T
120,Wont allow communal violence in Karnataka ahead of assembly,T
121,Freedom Of Press Under President Trump Mocked By Uganda Communications Minister,T
122,Report : Look to solutions beyond health care to keep so many Ohio babies from dying - News - The Review,T
123,From India Most - Loved Tourist State To A Hub Of Lynching - Things In Rajasthan Are Getting Out Of Hand,T
124,Rio de Janeiro drug lord detained in military operation | News | DW,SA
125,20 years of Interreligious Dialogue | Press Release,M
126,News - The Gardner News Online,T
127,"Thursday December 7 , Our World in Pictures",T
128,A cosa servono i muri di Israele,T
129,Ladysmith taxi service suspended following unrest,T
130,House votes to sharply expand concealed - carry gun rights | News,T
131,"View : With no ' anti - Gujarat ' Delhi , BJP may find it tough going",M
132,361 killed in Karachi violence incidents in 11 months .,M
133,Suspect in Texas Police Officer Slaying Identified,M
134,Pope Francis Wades Into the Rohingya Crisis,T
135,"Violence against women , then and now : Lakehead University students remember Montreal Massacre - Thunder Bay",T
136,Reitores condenam ataque  UFMG e cobram lei contra abuso de autoridade,T
137,"Police seize explosives , guns , marijuana from Langley farmhouse",SA
138,Women land defenders in Asia need security as violence rises : rights groups - DVB Multimedia Group,T
139,Accused ex - paras seek anonymity in Official IRA murder case,M
140,"Opinion | At UW vigil : ' As sad as this day is , Im filled with hope and confidence '",T
141,Feminicidio en Piura : mujer fue asesinada por negarse a tener relaciones,T
142,Unul dintre elevii care a lovit o profesoara a fost retinut ! ,T
143,"Kuasa Hukum Gracia Indri Sebut David "" NOAH "" Lakukan KDRT",T
144,Trump Jr Invokes Attorney - client Privilege,T
145,Three Indian - American women among 2018 Marshall Scholars,T
146,Informe | 9 de cada 10 prostitutas y trans sufrieron violencia policial,SA
147,"Response to IPCA report on incident in Tawa , Wellington",T
148,Has Devt in Nigeria Been Positive in 2017 ?,T
149,Americans for Peace Now,M
150,Uganda Wins Big With Justice Bossa Election to International Criminal Court,T
151,"Charges in attempted rape - murder of 14 - year - old , National , Phnom Penh Post",M
152,Tension grips Ujjain as violence erupts in procession,T
153,"Conflict , disasters displace 2 , 7 million in Africa : Report",T
154,Man booked for threatening wife after ' second marriage ',M
155,Tech : Horrifying images of the raging wildfires in Southern California show how rapidly destruction has spread - Tech,T
156,"IMAGINI SOCANTE . Elevul care a umilit si batut o profesoara , retinut de politie",T
157,Grecia : 22 arrestados tras protestas en Atenas | En el Mundo,T
158,"Trump recognition of Jerusalem highlights fractious Arab world , prompts Palestinians to call peace process ' finished '",T
159,Stiri Botosani - Monitorul de Botosani,T
160, ' We dont want it here ' | News,T
161,"Amid positive talk , some in GOP offer blunt take on taxes",SA
162,Moment difficile entre Berlin et Washington | International | DW,T
163,Doua penitenciare noi in Prahova si Buzau,T
164,Syrian Refugee Men And Boys Are Being Sexually Exploited By Armed Militias Since 2016,SA
165,Rohingya to be moved to an island 37km from Bangladesh mainland,T
166,La Jornada : Ex rector de la UAEM va por la gubernatura,M
167,Cancelling book signing infringes on free speech : Nova Scotia MLA,T
168,A Gun Rights Vote Only the GOP Base Can Appreciate,T
169,Offended 1 Percenters - Solar Panel Rage,T
170,"Blinkers in the Holy Land following Trump speech on recognising Jerusalem , Middle East News & Top Stories",T
171,Sexual Violence Against Men and Boys in the Syria Crisis - Syrian Arab Republic,T
172,KAMISHNA JENERALI MALEWA APOKEA UTAMBULISHO WA MMWALIMU WA JUDO MAKAO MAKUU YA MAGEREZA | Magazeti ya leo| Tanzania News,T
173,Bill letting people bring concealed guns across state lines passes U . S . House | News,T
174,"PSJHS SGA gives to fight against domestic violence - News - The Star , Port St . Joe",T
175,The two sides of orange ; immortal yet toxic,M
176,Merkel nu sustine decizia lui Trump de recunoastere a Ierusalimului drept capitala a Israelului,T
177,Blackwater founder Erik Prince denies he owes an ex - business partner $1 million | Local Military News,SA
178, # citesteDobrogea : Dobrogenii apartin celui mai bogat pamant istoric . Lucrari din Biblioteca Virtuala ZIUA de Constanta,T
179,16 - day of activism on GBV observed,M
180,Waterford News and Star,T
181,No parole for 70 years for man who killed 3 women in Ottawa Valley in 2015,M
182,Month - long drive to sensitise society on gender violence begins,T
183,Bad idea ! -- NationNews Barbados,T
184,Riots erupt in Athens on anniversary of police shooting,M
185,PembrokeToday . ca,T
186,3 factores que influyen en las altas tasas de embarazos adolescentes,T
187,Jerusalem - Konflikt : Hamas ruft zu neuer Intifada gegen Israel auf,T
188,Bahamas Set for Visit by UN Expert on Violence Against Women,SA
189,Welcome donations to Bega refuge,T
190,"Borutski sentenced to 70 years , went looking for a fourth victim on day of rampage",M
191,Arrest Reports for 12 / 6 / 17 | Arrest Reports,T
192,"Cheers , rage and shrugs after Trump recognizes Jerusalem as Israel capital",T
193,House passes bill to let concealed weapons across state lines,T
194,Conditii europene pentru pacientii centrului Mamei si Copilului,T
195,House OKs GOP bill letting out - of - staters pack concealed guns in California,M
196,"Polizia nelle case degli skinhead , perquisizioni anche a Piacenza",SA
197,The Ticker : Trump move on Jerusalem stings shekel on concerns about regional violence - Business,T
198,Wrecked fields connection - Vernon News,T
199,La Polizia di Stato arresta a Comiso marito violento,T
200,Pressan . is,T
201,"cameroun24 . net :: Crise Anglophone Cameroun , carnet de route : Patrice Nganang sillonne la zone ( dite ) anglophone",T
202,"Trump says U . S . recognizes Jerusalem as capital of Israel , upending U . S . policy and sparking protests",T
203,A basket of gun safety regulations means nothing if bureaucrats arent held unaccountable,M
204,Tellen de rechten van Ecuadoraanse vrouwen ?,M
205,Shatrughan Sinha Disapproves of PM Tone and Tenor,T
206, ' No more hatred ' rings loud in parts of city,T
207,Gunmen execute woman in front husband,M
208,Antonio David no puede mantener a sus hijos,T
209,Flathead group promotes movement against gender - based violence,T
210,"Por Odebrecht , esposa de Kuczynski al banquillo",T
211,John Conyer Son and Congressional Heir Apparent Arrested for Felony Domestic Violence,T
212,Louisiana,T
213,Drietal voor rechter om extreem geweld tegen homo,T
214,Four nations remain on overseas tour as Solomon Islands welcomes Gold Coast 2018 Queen Baton,T
215,Crisis of Honduras democracy has roots in US tacit support for 2009 coup | World news,T
216,Everyday sexism : dad blasts school for gender stereotyping,SA
217,Area Arrests for Dec . 7 | Local News,T
218,Rescatemos al Zulia,T
219,US House approves easing of interstate rules on concealed guns | world - news,T
220,Zimbabwe Star,T
221,La situazione gattopardesca dello Zimbawe,T
222, # DontLookAway : ' Escape the abuse ' says Idol Paxton,T
223,Midia News,T
224,"Members Want Pride of Dover Elks Lodge in Dover Re - Opened - WBOC - TV 16 , Delmarvas News Leader , FOX 21",T
225,Tillerson vows to keep sanctions on Russia over Ukraine violence,T
226,Noticias sobre Jorge Zepeda Patterson,T
227,iPress . hr,T
228,"A Sassari , un luminoso cielo di bolle galleggianti",T
229,House passes bill loosening gun restrictions,M
230,White Nationalist Could be Released but He Wont Be Heading Back to NH,T
231,Manhunt for man posing as Houston officer goes national,M
232,Nepal clocks 67 percent voter turnout in final phase of historic poll,T
233,"Santuario de las Garzas , el lugar donde asesinan mujeres en Xalapa",T
234,"Elizabeth Smart : "" You are not alone """,SH
235,Nigeria president heads north in election hint,T
236,Patru benzi spre Mosnita Noua si spre aeroport ! Ce alte drumuri din Timis se modernizeaza,T
237,Newtown advocates visit Capitol Hill amid renewed crossfire on guns,SA
238,Davino quiere que se disfrute la final en Monterrey| Sexenio,T
239,What is needed to end violence against women in Cambodia ? - Cambodia,T
240,Afghan Peace Impossible Without Pakistan Support : Sartaj Aziz,T
241,"Gujarat elections : View : With no ' anti - Gujarat ' Delhi , BJP may find it tough going",M
242,Saskatchewan legislation calls for unpaid leave for domestic violence victims,SA
243,Dosar penal in cazul elevilor care au hartuit profesoara de la Scoala Poroschia,T
244,Walmart changing its name - World News,T
245,"Recunoasterea Ierusalimului drept capitala Israelului de SUA a provocat VIOLENTE . Mai multe persoane , RANITE",T
246,Still Blind After All These Years,M
247,Immacolata sotto la pioggia : le previsioni del 7 e 8 dicembre,T
248,Trump Recognizes Jerusalem As Israel Capital ; Middle East Prepares For Violence,T
249,"Respect status quo of Jerusalem , says pope",M
250,"New movies : ' Disaster Artist ,' Woody Allen and Morgan Freeman",T
251,Uganda wins big with Justice Bossa election to International Criminal Court,T
252,House passes national concealed - carry gun bill pushed by NRA,M
253,South Sudan : Populations at Risk - Imminent Risk ( 15 November 2017 ) - South Sudan,M
254,Gentle reaches new heights in quest for gold,T
255,Arrestan a 22 personas en Grecia tras manifestaciones,T
256,"Rugby : Former Hurricanes player and North Otago coach Shane Carter sentenced for attacking wife , police",SA
257,35 jaar Decembermoorden,T
258,"Murder , suicide in domestic row",M
259,"Medica Liberia Calls For Collaboration - In Ending SGBV , GBV In Schools",SA
260,Costs of Coming Out Can Be High for SA LGBT Community,T
261,Paul Ryan plans to ' get back next year at entitlement reform ' to ' tackle the debt and the deficit ',T
262,Murder accused Andrew John Cobby to remain behind bars for Christmas,M
263,Food for the Holidays Telethon Set for Dec . 7,T
264,"WILDFIRES : The wicked wind of the West -- Wednesday , December 6 , 2017",T
265,Vigil to commemorate Montreal Massacre,M
266,One Love Manchester named among Facebook biggest events of 2017,SH
267,360News,T
268," "" Realities on the ground "" about Jerusalem decision debated",T
269,BERNAMA,T
270,Ce a facut Andra in timpul protestelor . Angi Serban : Vocea ei nu a putut sa acopere vocea noastra,T
271,A time for action,SH
272,Virani : Social issues affect us all whether we know it or not,T
273,Besorgnis in aller Welt nach Trumps Jerusalem - Entscheidung,T
274,Caravana de madres de migrantes desaparecidos viaja a Veracruz,T
275,Detenen una dona per agredir la seva filla de 10 anys a Olesa,SA
276," '    '   ,  500   -",T
277,"Sarb attack could cost Mkhwebane her job , PP counsel argues",SA
278,Insurance companies to take care of minor accidents,SA
279,Oklahomans divided on Trump decision to recognize Jerusalem as capital of Israel | Homepagelatest,T
280,Preso suspeito de agredir mulher com golpes de chibata no Agreste,T
281,"Soferul unui autoturism Dacia Logan a ajuns in santul de pe marginea Bulevardului Lucian Blaga , din Sebes",T
282,Texas shooting suspect faced family violence assault charge - National News - Fox Bangor,M
283,Netflix gana sus primeros premios de cine,SA
284,Catalan impasse damaging tourism prospects for 2018,SH
285,"Alasan Gracia Indri Gugat Cerai David Noah : KDRT , Tak Beri Nafkah",T
286,"Bomb blast kills nine people in Pakistan , near Afghan border",T
287,Cum fac sex parintii ramasi singuri in urma unei despartiri,SA
288,National Plan to end gender - based violence launched | Lead Stories,T
289,"Live News Headlines Cumbria , Penrith , Carlisle , Lake District , Kendal",T
290,"Torontonians pay tribute , push for change on National Remembrance Day of Violence Against Women - Toronto",M
291,"ESTADO DE LOS ESTADOS : AMLO , inalcanzable",T
292,Baqar Najfi report | Pakistan,T
293,PANET,T
294,Organizations on UW campus combat Islamophobia | News,SA
295,The Significance of Trump Moving The Us Embassy To Jerusalem,T
296,Taxi war : 2 groups lose their licences,T
297,JUZGADO DE FAMILIA,T
298,Centrafrique : environ onze mille personnes trouvent refuge  Paoua,T
299,Il Quotidiano del Lazio,T
300,2nd report finds law enforcement missteps in Charlottesville | AP US / World,T
301,BPD Commissioner Evans : ' Loosening up the gun laws right now is the most ridiculous thing we can do ',T
302,Carson City native brings proactive message to community health,T
303,Nordkorea rechnet mit Krieg gegen united states | Aktuell Asien | DW,T
304,Trump Jr . tells lawmakers he cant discuss conversation he had with his father,T
305,City of Saskatoon honours women killed in Montreal Massacre,M
306,Aumentam os linchamentos populares por medo de vampiros no Malaui - AFP,T
307,NATO vows to protect children in conflict,T
308,Violenza di genere e informazione sui media Verso il prossimo 25 novembre,T
309,Nigeria confirms ' scores killed ' in ethnic clashes | Africa,T
310,"Honeymoon To Doom : Couples Maim , Send Partners To Early Graves",T
311,"House Passes "" Arm Anyone "" Legislation While Mourners Prepare for Nationwide Vigils on Gun Violence",M
312,"Israele , Gerusalemme capitale Il mondo contro Donald Trump - Mondo",M
313,Indignaos ( Indignez - vous ),T
314,Ministry for Women recommends men to use parental leave,SA
315,Rabbi reacts to president recognition of Israel capitol,T
316,University students in Jordan hold protests against Trump Jerusalem decision - Xinhua,T
317,Woman cancels public MMIWG testimony in Thunder Bay over fears for her safety - CBC News,T
318,Brent Musburger says violence and sex appeal are part of the NFL and that ' snowflake should ' deal with it ',SA
319,Page One - The Gardner News Online,T
320,Il cane dei vicini abbaia : prende il fucile e spara,T
321,"Spotlight on sexual abuse overwhelms Maine survivors , support agencies - Health - Bangor Daily News",SA
322,Police Captain Suspended for ' White Male Privilege ' Comment,SA
323,"Drastic steps taken to curb taxi violence , killings in KZN",T
324,"Blitz neofascista a Como , perquisizioni anche a Genova",T
325,"Congress , SAD exchange gunshots , stones at Mallanwala in Ferozepur | punjab",M
326,Study : 80 % Of Babies In The US Are Born Addicted to ' Big Pharma ' Painkillers,T
327,"Pope calls for dialogue , respect for all",SH
328,"As Rohingya refugee crisis escalates , women emerge as front - line responders",T
329,Ireland government expects united kingdom to make new Brexit proposal,T
330,"FAN Courier spune ca gaseste tot mai greu oameni si a relocat in Cluj curieri din Bucuresti . O solutie de avarie ar fi angajarea de basarabeni , sarbi sau ucraineni",T
331,National children forum opens today - The New Times,T
332,Study : Spanking linked to dating violence,T
333,Will Florida Become the Land of SECOND Chances ?,T
334,Sunday Times,T
335,Ziare,T
336,Des modifications  la Loi sur les assurances,T
337,Afriques en Lutte,T
338,Qatar signs on to buy 12 Rafale fighter jets from France,SH
339,Provincia 23 : Ver Nota,T
340,"Israeli leaders praise Trump for Jerusalem decision , Hamas says it ' opens the gates of hell ' - St . Louis Jewish Light : National And World News",T
341,Access to justice can reduce gender - based violence Panos,T
342,Israel se prepara para la violencia por anuncio de Trump | Mundo,T
343,La visibilidad de la Tarahumara,T
344,University of San Diego alumna among several women gracing Time - KUSI News,SH
345,I social network ai tempi del cyberbullismo : cosa fanno i ragazzi ? Tutti i dati della polizia postale,T
346,Politistii aradeni au oferit cadouri copiilor din Bata cu ocazia Sfantului Nicolae,T
347,The Colonial Roots of Media s Racial Narratives,T
348,"Swearing in unofficial president is ' treason ', Kenya attorney general says",T
349,El - Shark Lebanese Newspaper,T
350,Cuvintul . MD,T
351,"Jackie Clark and The Aunties : How the pampered , private schooled daughter of Crown Lynn founder became a breast - baring battler for women",T
352,"storybreak stars '); background - repeat : no - repeat ; background - position : center }. editor . editor - inner div . legacy - raw - html ,. post - content div . legacy - raw - html { border : 3px solid # eeb544 ; padding : 5px ; margin - bottom : 20px }. editor . editor - inner div . legacy - raw - html : before ,. post - content div . legacy - raw - html : before { content :' Before this post can be saved , this block must be removed .'; font - size : 12px ; display : inline - block }. edit",T
353,Obispo llama a la familia a desarrollarse en valores para acabar con la violencia,T
354,The Ayodhya mess : A sorry state of affairs,T
355,Nigerian Men Are Afraid Women Will Kill Them,M
356,US embassies are bracing for ' potentially violent ' backlash over Trump Jerusalem decision,T
357," ' The Other Side of Hope ,' a tale of an unlikely friendship",T
358," "" Violencia machista , autodefensa feminista "" | Radio Valencia | Actualidad",T
359,How Rodrigo Duterte Turned Facebook Into a Weapon With a Little Help From Facebook,T
360,Increasingly violent retail crime costing $1 . 1b a year,SH
361,House set to vote on bill allowing concealed carry across state lines ; Colo . representatives split,T
362,Trump Jerusalem uproar : Middle East braces for violent protests,T
363,"Teramo , molestie durante le lezioni : parte il processo per il prof di musica",T
364,New Willow House shelter in Corner Brook will provide enhanced service to women leaving unhealthy relationships | Local | News | The Western Star,T
365,"Meeting in Belgrade , Serbian And Bosnian Leaders Seek To Solve Problems",T
366,Nachrichten aus Deutschland : Killerin auf eigene Ehefrau angesetzt ?,T
367,White nationalist held on Charlottesville charge given bond,M
368,The 100 Best Books of 2017 - The Listener,T
369,"COLUMN : Mauricio Macri ushers in new , dark Argentina",T
370,Runaway ' high risk ' dangerous sex offender captured in North Melbourne,SA
371, ' Murdered on his own land ': Palestinian village mourns father killed by settlers,M
372,"About 11 , 000 displaced people flee violence in C . Africa",M
373,Bec Judd wore her most skin - baring outfit yet to lunch,SA
374,Fire menn skadd i voldsepisode i Randaberg,T
375,The VICE News Guide to the World Week of December 4,T
376,Stolen steaks led to fugitive chase - FOX10 News,T
377,"Trump Jerusalem declaration sparks fear , joy",T
378, ' Name the violence ': supporters honour women victims and survivors - London,T
379,Staff reporter Archives,M
380,Narendra Modi using the Polarization politics Gujarat assembly election 2017,T
381,"Atan a velador y se llevan 28 mil pesos , en Cuernavaca",T
382,"Miami man posing as Uber driver and holding women , police say",SA
383,When Even Memory of a Riot Dies,T
384,Abuso a trabajadoras sexuales sigue,T
385, ' G40 wanted Mnangagwa dead ',T
386,S . Arizona congressional delegation split on moving US embassy to Jerusalem | Local news,T
387,Norridgewock man charged with terrorizing his wife,M
388,Gavin De Beyer sentenced for Sharon Michelutti murder,M
389,Interiorizar a la seguridad,T
390,Slaves In Our Papa Land,T
391,Teach boys to respect girls within your family,SA
392,UFV panel raises awareness for action on violence against women,SH
393,"Hunt for "" high risk "" sex offender in Vic",SA
394,"Terni , fanno esplodere il bancomat e rubano i contanti",T
395,IDMC Says Conflict Displacement Hits Congo More ...,M
396,Hoy Tamaulipas,T
397," ' Kind of a bizarre one :' New dinosaur part penguin , part duck , part swan",T
398,No parole for man who murdered three women,SA
399, ' Govt has no plan for midterm or snap polls ',SA
400,Baby left in car | AP / KPNS,M
401,Things to Do 12 . 07 . 17 | Lifestyles,T
402,USA erkennen Jerusalem als Hauptstadt Israels an,T
403,South Sudan : Women in Bor demand end to early and forced marriage,T
404,Botched Saakashvili Arrest Seen as Tarnishing Ukraine Image,T
405,Sacerdote condena violencia contra la mujer,T
406,BOOK REVIEW : ' General ' has a strategy to bring all together and put SA on a new path,T
407,ZDA Jeruzalem priznale kot glavno mesto Izraela,T
408,"Yes , Women Commit Sexual Harassment and Assault",SA
409,Canadians remember 1989 Montreal shootings,T
410,"Negrenses asked to support ' Pito , Bata ' campaign",SA
411,Accusati di violenza sessuale di gruppo : assolti | Oggi Treviso | News,T
412,"Miami - Dade Police Officer Injured in Shooting in Walmart Parking Lot , 1 Person Dead",M
413,I On Politics | www . qgazette . com,T
414,Tennessee Law Leaves Many Schools Afraid to Teach Sexual Abuse Prevention,SA
415,Berkeley Communism Suffers Major Setback as More Students Complete Eastern European Government Course,T
416,Four Things That Could Explain Trump Jerusalem Embassy Decision,T
417,Help youth affected by domestic violence in Utah,T
418,Beyonce surprise appearance - Entertainment News,T
419,Women in Bor demand end to early and forced marriage - South Sudan,T
420,"Rechazan estudiantes y organizaciones zacatecanos "" Ley Golpista """,T
421,Baystate Family Advocacy Center receives reaccreditation from National Children Alliance,M
422,Malaysia under spotlight in freedom of thought index after atheist ' hunt ' | Malaysia,M
423,Cultural heritage is Europe most valuable resource,T
424,"MPs from Burkina Faso , Mali and Niger Discuss Countering Violent Extremism with U . S . Counterparts",T
425,"Men reluctant to talk , says Lewai",M
426,Taylor Swift pens poem - Entertainment News,SH
427,Trump move on Jerusalem highlights Arab divisions | Region,T
428,Centre providing refuge accommodation for victims of domestic abuse opens in Watford,M
429,Bomb blast kills 9 in Pakistan,T
430,Arrestan a 22 personas tras protestas en Atenas,T
431,Massachusetts church nativity scene includes list of mass shootings,T
432,"9 Orang Ini Bukan Artis Tapi Kematiannya di 2017 Sangat Viral , Padahal Penyebabnya Bisa Dicegah",T
433,Nach Trump - Entscheidung : Hamas ruft zu neuer Intifada auf,T
434,Editorial,T
435,Nordlys,T
436,FIVE THINGS TO DO IN BELMONT THIS WEEK - News - Belmont Citizen - Herald,T
437,Elizabeth Smart says # Metoo gives victims of sexual violence camaraderie,SA
438,Two KZN taxi groups suspended over violence,T
439,Lo spettacolo di Milo Rau,T
440,Goolag Archipelago : Google Sends Powerful Migrant Crisis Video by POLISH GOVERNMENT to ' YouTube Jail ',SA
441,MTIKILA,T
442,Borutski intended to kill others,M
443,Man holding Palestinian flag smashes windows of kosher restaurant in Amsterdam - Diaspora,T
444,Solidarity Walk on Sunday,T
445,Bogota Mayor Describes his Ouster as Coup d Etat,T
446,What does US recognition of Jerusalem as Israel capital mean ?,T
447,Aumentam os linchamentos populares por medo de vampiros no Malaui - Internacional,T
448,"Childhood spankings linked to dating violence , study says",SA
449,"USD alumna among Time magazine "" The Silence Breakers "" "" Person - CBS News 8 - San Diego , CA News Station",SH
450,Aventaja en otra encuesta,T
451,"Victoria sends right - wing speaker Milo Yiannopoulos a $50 , 000 bill",T
452,North Vancouver to get totem pole recognizing violence against women - British Columbia,T
453,"With Trump visit , protest may follow opening of Civil Rights Museum",M
454,"Adolfo Leoni , un leone ( ciclista ) di nome e di fatto",T
455,What were 2017 top news events ? | Local News,SH
456,Daisy Ridley : ' Star Wars fame hasnt changed me ',T
457,Desjardins ferme son guichet automatique  Ripon,M
458,"Dutch film crew highlights how CPD combats crime , gun violence",T
459, ' Humanitarian crisi in southwest Colombia due to conflict violence,T
460,Area of Protected Land Larger Than California at Risk from Drilling,M
461,US Embassy hosts discussion on violence against women,T
462,Eroina in cambio di sesso : spacciatore sotto accusa,T
463,Togo Le Togo dans ses turpitudes,T
464,Nicaragua : They Also Want to Kill the Truth,T
465,Trump recognises Jerusalem as Israel capital,T
466,Lights ! Camera ! Action ! - Vernon News,T
467, ' Jeopardy !' winner charged with computer crimes in Michigan,M
468,A look at Donald Trump comments surrounding race .,SA
469,Festive policing operation launched,T
470,Bill letting people bring concealed guns across state lines passes U . S . House,T
471,Jornal do Brasil - Rio,T
472,UN study uncovers horrors of sexual violence against Syrian refugee boys and men,SA
473,"Esplode bombola a Castiglion del Lago , due feriti",T
474,The Daily 202 : Push for Al Franken resignation shows importance of women in Congress,SH
475,Judge postpones sentencing of Hong Kong democracy activist,M
476,"U . S . Bolstering Security , Bracing For Possible Violence , Ahead of ' Historic ' Jerusalem Speech",SH
477,Montreal massacre still resonates in Port aux Basques 28 years later | Community | The Gulf News,T
478,"FOX 40 WICZ TV - News , Sports , Weather , Contests & More",T
479,"This nativity scene makes a statement about gun violence - Honolulu , Hawaii news , sports & weather",M
480,Mos Nicolae i - a uitat pe argeseni,T
481,Savoir News,T
482,Olympians ski at Sovereign - Vernon News,T
483,Leesburg man accused of shooting officer to face judge,M
484,Conyers Son Was Arrested After Domestic Incident,M
485,Un albero con le scarpette rosse contro la violenza sulle donne,T
486,Ohio Black Pride 4 Were Arrested at the Stonewall Columbus Pride Festival and Parade,T
487,"BSC theater production to shed light on sexual abuse | Local news for Bismarck - Mandan , North Dakota",SA
488,Violence erupt in Madhya Pradesh after rally to remember 25 year of Babri demolition,M
489,DFID Ghana Country Director speech at Business Cost of Violence Against Women & Girls in Ghana forum,T
490,Rehabilitating the health system after conflict in East Timor : A shift from NGO to governemnt leadership,T
491,Sit - in des enseignants devant le rectorat,T
492,Vegas DA joins Nevada gun background checks lawsuit,M
493,Journalist duo travels seven Latin American countries to tell the story of violence and murders in the region,T
494,OPINION : THE ROLE OF PREVENTIVE DIPLOMACY DURING THE POLITICAL IMPASSE IN THE GAMBIA .,T
495,Armed groups in central Africa using roadblocks as funding source,T
496,Trump legt mit Jerusalem die Lunte an das Pulverfass Nahost,T
497,19 Arrested in Major Wisconsin Drug Bust,T
498,UPDATE : Man charged over alleged daylight stabbing,M
499,Refworld,T
500,Israelul saluta decizia lui Trump privind Ierusalimul : Nu exista un cadou mai potrivit si mai frumos,T
501,"Elev din Teleorman , retinut dupa ce si - a agresat profesoara",T
502,Cambio de gobiernos estatales dispara cifra de homicidios,T
503,"Adlan Shishkhanov a decis sa plece de la Dacia : M - am saturat sa cheltui bani , nervi si timp",T
504,"Norwalk Reflector : Trump says US recognizes Jerusalem as capital of Israel , sparking protests",T
505,Estiman en 10 mil la cifra de desaparecidos en Tamaulipas,SA
506,Trump : united states erkennen Jerusalem als Hauptstadt Israels an,T
507,Un ' Piano Femminista ' contro la violenza . Da ' Non Una di Meno ' Mugello,T
508,Kirby Dec . 6 -- 8am hour,T
509,Tribunal Electoral,T
510,Premier tells EU diplomats change in Jerusalem status would heighten tension,T
511,Honduras president says open to review of disputed vote,T
512,"Colite ulcerosa e morbo di Crohn , rischi nelle donne in gravidanza",T
513,"Violent Whitehaven man turned "" psycho "" after singing John Denver song",M
514,Carjacking suspect caught in West Melbourne,T
515,60s End 12 - 6 - 69 With disastrous Stones Altamont Concert,M
516,New centre for Tongan women experiencing violence,T
517,"Kolkata Sexual Assault : School Reopens , Principal ' Relieved ' of Charge",SA
518,El Nuevo Diario,T
519,"One Month After Texas Church Shooting , House Republicans Vote To Expand Gun Rights",M
520,"Circuit Court : Dec . 2 , 2017 | Circuit Court",T
521,Michael Short,T
522,Sydney man jailed 19 years for wife murder,M
523,Daily Hive,SA
524,Morning Sentinel Dec . 6 police log,SA
525,N China Women Access Hotline Services All Year Round,SH
526,Cop among alleged killers arrested for Glebelands murders,T
527,Teen will face court next year,SH
528,Diario digital de noticias de El Salvador,T
529,False accuse di stupro : 19enne rischia denuncia per calunnia,SA
530,Schedule takes a toll on Brisbane Roar,M
531,University students in Jordan hold protests against Trump Jerusalem decision | Main News,T
532,Police calls,SA
533,South Africa : Another Cape Town Security Company Head Arrested in Underworld Probe,T
534,House passes bill to let gun owners to carry concealed weapons across state lines,T
535,"December 6 , 2017 calendar",T
536,Paedophile porn abuser forced to pay restitution to six - year - old victim,SH
537,"Farmers in Mexico avocado heartland are relying on vigilantes to protect their ' green gold ', Business Insider",T
538,House passes bill allowing concealed carry across state lines,T
539,The Afghan problem,T
540,GoLocalProv,T
541,Togo - Le Togo dans ses turpitudes,T
542,How One Woman In Uganda Is Speaking Out Against Gender - Based Violence,T
543,Experts hopeful for Erdogan visit to Greece,T
544,Florentin Pandele cere primarilor sa ii convinga pe parlamentari sa nu voteze bugetul si ameninta ca va protesta in Piata Victoriei,T
545,Blackwater founder Erik Prince denies he owes an ex - business partner $1 million,M
546,Friends grieve for ' Sasha Fierce ' after brutal murder,M
547,Sunnyside police rolling up their sleeves and abusers are copping it,SA
548,Ejecutan a pareja en la colonia Cazadores,T
549,North Carolina county ransomware recovery will take days,T
550,Saudi asked to end blockade - World News,T
551,Interogation With Ram Rahim In Jail,M
552,Revealed : Coast has highest murder rate in greater Sydney,M
553,Ynetnews News,T
554,Diario La Verdad,T
555,Talentele intra in scena ! Spectacol al Palatului Copiilor Buzau,T
556,A ray of hope for communist purge victims,T
557,Decizie istorica : Donald Trump recunoaste Ierusalimul drept capitala a Israelului,T
558,"Magaly , la joven que amaba patinar por plazoletas de Xalapa",T
559,2nd report finds law enforcement missteps in Charlottesville,T
560,Remembering Montreal and indigenous women | Local | News | The Western Star,T
561,"Molesta la giovane allieva durante le lezioni private di musica , a processo insegnante 50enne",T
562,Syrian Arab Republic : Sexual Violence Against Men and Boys in the Syria Crisis,T
563,Uganda Can Generate Shs10 Trillion By Ending Child Marriage - World Bank,SA
564,Indie film series adds Rick Carrier to ' Lost Legend pantheon,T
565,STUDIU SOC ! 9 din 10 parinti isi bat copiii ! Peste jumatate dintre adulti considera ca violenta este ceva normal,T
566,Radio Islam,T
567,Steady Start Seen For Singapore Stock Market,T
568,Houthi - rebels Filmed Inside Saleh,M
569,"Cumbria Police : "" Dont spend Christmas with the cops """,M
570,"Disappeared , dead , injured and detained : why does the Argentine state repress the Mapuche people ?",T
571,Trump impeachment measure receives 58 House Democratic votes,T
572,"UN , South Darfur discuss IDPs camps permanent planning",T
573,Political Page | www . qgazette . com,T
574,5 Texas COs indicted in alleged inmate beating,M
575,Portal Cuba,T
576,"Socially Smart Bhubaneswar : Safety , security suggestions for girls and women in institutions and workplaces",SH
577,"Renzi in Sicilia , prima visita dopo la sconfitta : "" Sulle infrastrutture vedrete una rivoluzione """,T
578,South Sudan wants thousands sheltering in UN camps to leave - Herald - Whig,T
579,Why Doesnt the Corporate Media Say Roy Moore Is Accused of Teen Sexual Abuse in Their Headlines ?,SA
580,"47 , 000 new jobs in NQ",T
581,I blog che parlano di Sprayantiaggressione . it,T
582,"IIMC Dhenkanal hosts conference on "" Role of media in women empowerment """,M
583,Almost 2 Million Displaced In Democratic Republic Of Congo This Year,SH
584,"PSD sustine ca deputatul Terea a fost agresat din senin : Exista protestatari manipulati de indivizi periculosi , coordonati de cei care conduc statul paralel",T
585,Trump flouts warnings and declares Jerusalem Israel capital,T
586,Gazette Calendar Of Events | www . qgazette . com,T
587,Jordan King joins criticism over Trump Jerusalem decision,T
588,Violence against women an issue in Kelowna,T
589,"About 11 , 000 displaced people flee violence in central Africa",M
590,Pressenza,T
591,Nepal restive south votes in historic polls,T
592,regiaonoroeste . com,T
593,"Dalai Lama : If India takes the lead in ethical and moral education , China will follow : Dalai Lama",T
594,Naya Rivera Divorcing Husband,T
595,A call to end violence against women,SH
596,Bring an ornament for ' Victims Remembrance Tree ',SA
597,150 nye sengepladser i psykiatrien . Husk fagligheden | Debat,T
598,Rotakids make their mark in a regional first,M
599,Le atlete della Cofer Lamezia aderiscono all iniziativa del Soroptimist club e indossano in campo la maglia arancione contro la violenza sulle donne,T
600,"Stokes , Hales named in England ODI squad",T
601,STUDIU : Unu din doi parinti crede ca - si bate copilul spre binele lui,T
602,Untitled,T
603,"Trump decision on Jerusalem met in metro Detroit with praise , scorn",M
604,Movie Marquee : Three films open Friday in Lubbock movie theaters | Lubbock Online,T
605,Halloween Killer : Wisconsin infamous child killer to be released,M
606,En la ciudad de Chihuahua hay 15 puntos donde arriban migrantes,T
607,Russian Airsrtikes In Syria,T
608,Confruntari intre sustinatorii fostului presedinte georgian Saakasvili si fortele de ordine soldate cu raniti,T
609,US Embassy gives 600K to help fight against Human Trafficking,T
610,John Conyers III arrested but not prosecuted in domestic abuse case,T
611,"AG Schimel : Major bust leads to 19 arrests for money laundering , bankruptcy fraud , and distributing heroin and fentanyl",T
612,A Look Back at ZEE TV Those Who Made It,M
613,"Blitz naziskin a Como , perquisite dalla Digos le abitazioni dei due genovesi",T
614, ' LGBT in Oos - Kaap loop deur ',T
615,Alan Dershowitz : Why Trump is right in recognizing Jerusalem as Israel capital,T
616,"DILG : Police endorsed 1 - year extension of Mindanao martial law | Headlines , News , The Philippine Star",T
617,Students surprise teacher who lost his beloved dog with a new puppy,M
618,Message From ECA Executive Secretary On 16 Days Activism On Violence Against Women,T
619,Weapons tactic doesnt wash,T
620,Basil Borutski Sentenced To Life In Prison With No Eligibility Of Parole For 70 Years,M
621,Donald Trump Jerusalem move triggers calls for new Palestinian intifada,T
622,SudOnLine - Le Portail de Sud Quotidien SENEGAL,T
623, ' Chicana Feeling and ' Entre Orilla Show How Visibility Can Be a Way of Healing,T
624,7 Reasons Trump Would be Right to Recognize Jerusalem as Israel Eternal Capital,T
625,Australia remains committed to refugee resettlement in Cambodia despite ' concern for democracy ',T
626,"Imediat dupa declaratiile procurorului general , PICCJ ia masuri impotriva deputatului PSD care ar fi lovit , cu masina , doi protestatari : Are dosar PENAL",T
627,Nepal votes in second round of elections amid violence fears,M
628,Jornal do Brasil - Heloisa Tolipan,T
629,"Twenty - eight years later : December 6 , 1989",M
630,Adopt a family in Noosa this Christmas,M
631,Honeypreet Court Hearing In Panchkula Today Live And Update,T
632,"Bittersweet : The VLSB Dinosaur Comes To Life At Night , But It Racist",T
633,Siguen sin confirmar horario para el partido entre FAS y Alianza,T
634,Cancer of Corruption Continues to Blight Europe,T
635,PERRY : Coffman and Congress vote to conceal even more guns but not their idiocy,T
636,ksdk . com,T
637,MAP : American gun violence among children,M
638,Irish border and Brexit : Here what you need to know,SH
639,EL LIBERTADOR - Diario de todos,T
640,"House GOP weigh concealed carry weapon law , while Democrats panic at thought of more armed citizens",SA
641,Blitz Forza Nuova : Procura apre inchiesta - Cronaca,T
642,"5 things for December 7 : Wildfires , Trump Jr ., Jerusalem , same - sex vows , entitlements",SA
643,13 persoane ranite la Kiev in confruntari intre politisti si sustinatorii lui Saakasvili,T
644,"About 11 , 000 Displaced People Flee Violence In C . Africa",M
645,Community Calendar | www . qgazette . com,T
646,Transgender weightlifter set for Commonwealth Games,T
647,Whangarei nurse treating hundreds a day at Bangladesh refugee camp,T
648,Port Elgin Nearly 90 People Show Up For Vigil Against Violence . Country 93,T
649,State Department sets up emergency task force for Jerusalem fallout,T
650,Rwanda : National Children Forum Opens Today,T
651,Why Gun - Control Advocates Win Small and Lose Big : QuickTake,T
652,"Relief , resolve follow sentencing in Renfrew County triple murder - Ottawa",M
653,"Plainfield police captain on leave , other captain suspended after ' white male privilege ' comment",M
654,Finding Entry Points for Preventive and Mediation Efforts - World,T
655,House votes to expand concealed - carry rights,SA
656,"Africa : What Libya "" slave auctions "" tell us about the humanitarian (...)",T
657,Groups urge vote against Concealed Carry Reciprocity Act of 2017,T
658,Mitarbeiterin im Jugendamt bedroht : Wird Geiselnehmer von Pfaffenhofen angeklagt ? | Bayern 1 | Radio,T
659,Si fa ipnotizzare al centro olistico ma al risveglio scopre di essere stata molestata con un sex - toy,SA
660,House votes to sharply expand concealed - carry gun rights,M
661,"30 Best Rap Albums Of 2017 , Ranked",T
662,Tillslag mot ligor i Danmark,T
663,Kamloops memorial remembers women affected by violence,SA
664,Tillerson acusa a Rusia de instigar la violencia en el este de Ucrania . eldia . es .,T
665,"SAD , Cong clash in Moga , 10 hurt",T
666,"Blitz della polizia contro gli Skinheads , perquisizioni anche a Mantova - Cronaca",T
667,"Skinhead a Como , perquisizioni a militanti estrema destra",T
668,3 razones que influyen en las altas tasas de embarazos adolescentes,T
669,Forum thread : NORWAY ???,T
670,BOCSAR figures reveal crime trends are heading in right direction,T
671,Niger evacuates 500 of its nationals from Libya ,T
672,Sentencia Tribunal Supremo num . 1883 / 2011 19 - 09 - 2012,T
673,Infografic,T
674,This nativity scene makes a statement about gun violence - Erie News Now,M
675,"Necesario , garantizar seguridad en la ZEE : Aiemac",T
676,Women resource worker calls for Highway of Tears monument to missing and murdered women - British Columbia,SH
677,"Dacia , succes remarcabil in Spania !",T
678,Seeking end to family violence,M
679,"In Italia , circa 200 de jurnalisti beneficiaza de protectia politiei",T
680,Genocide in the Arakan State ( Rakhine ),T
681,North Carolina county ransomware recovery will take days | News - wire,T
682,For the first time in the world the online rape victim was punished,SA
683,Calling out the ' promiscuou narrative of Indigenous women,T
684, ' Charged up ' Hazlewood warning to Poms,M
685,Conference in Brussels for raising Kashmir issue in Europe,T
686, ' He a lovely man ': Charles Bronson friends and new wife march for release of united kingdom ' most violent prisoner ',T
687,What does US recognition of Jerusalem as Israel capital mean ? | World news,T
688,Policy guidelines formulated for women empowerment - Pakistan,T
689,Amnesty : Gewaltzunahme in Kolumbien ein Jahr nach Friedensschluss - Kolumbien,T
690,Update onderzoek schietincident Van Lennepstraat,M
691,Principala prioritate a Statelor Unite in Ucraina este desfasurarea de forte de mentinere a pacii ( Tillerson ),T
692,Report : Clinton was warned about Weinstein by Lena Dunham,SA
693,La Rosada suma a los gobernadores a la lucha contra la RAM,T
694,Gurmeet Ram Rahim Singh : SIT questions Dera chief Gurmeet Ram Rahim in Sunaria jail,T
695,"IPA and J - PAL Announce $16 Million Grant From united kingdom Government to Fund New Research on Solutions to Challenges in Governance , Crime and Conflict , and Peace and Recovery - World",T
696,Arrestan a un hombre por robar con violencia a una mujer en Badajoz,T
697,"Deputatii , huiduiti de protestatari la iesirea din Parlament . Parlamentarii USR s - au alaturat manifestantilor",T
698,Looking back on Unite The Right violence in Charlottesville,T
699,"Police : Mother , 2 children aged 3 and 5 , slain in Arkansas",T
700,Peaceful and credible elections : A case of UNOWA holistic coordination - World,T
701,Preparan intercambio de estrategias de seguridad en ciudades,T
702,Myanmarmy Genocide,T
703,Living with Dignity Report key findings,M
704,Pope caution over Rohingya,T
705,Los Angeles Police Department Denied $3 Million in Federal Funds for Community Policing,M
706,Violent clashes in Athens on anniversary of student killing by police,M
707,Blurring ' the Other ',T
708," "" Food for the Holidays "" Telethon Set for Dec . 7",T
709,150 nye sengepladser i psykiatrien . Husk fagligheden | Holdningsstof,T
710,"Mamata Banerjee to visit Darjeeling this month ; CM accepted all our demands - Binay , Anit",T
711,"Ministra de la mujer : "" Hay que dejar de naturalizar el acoso callejero """,T
712,Royal stewards to watch Suits - Entertainment News,SH
713,Turkish President Erdogan On Us Embassy Relocation :,T
714,US House Condemns Burma Ethnic Cleansing of Rohingya,T
715,"Stalking , violenza di genere , intervista al giudice Fabio Roia , dal caso della violenza in guardia medica a Bari , alle modifiche sullo stalking",T
716,"Some local support for Jerusalem step , but violence feared",SA
717,China Shares Likely Rangebound On Thursday,SH
718,Maine man sentenced to 14 years for supplying drugs that killed ex - girlfriend,M
719,"Niger evacuates 500 of its nationals from Libya "" ",T
720,"Jeans , Jeggings , and Patiala Suit No - Nos at Magadh Mahila College",T
721,"Community Calendar : Dec . 7 , 2017",T
722,Site C decision days away - BC News,T
723,Summerside service marks day of prevention of violence against women | Local | News | The Journal Pioneer,T
724,Men take a stand against domestic violence on White Ribbon Day,M
725,"Homeless numbers show a drop , but issue remains | Other",T
726,New park born at Northern Virginia Civil War battlefield,M
727, .: Middle East Online :::.,T
728,"Pallavoliste Cofer Lamezia aderiscono a iniziativa Soroptimist , in campo con la maglia arancione contro violenza sulle donne",T
729,What Going On | www . orchardparkbee . com,T
730,Florentin Pandale cere parlamentarilor sa nu sustina bugetul pe 2018 si ameninta ca va protesta in Piata Victoriei,T
731,"Una 13enne subiva violenze sessuali ed altro dai genitori , che incubo",T
732,"12 in custody following federal , local law enforcement operation - KRISTV . com | Continuous News Coverage",M
733,Actor Terry Crews sues Hollywood agency for sexual assault,SA
734,Democratic Republic of the Congo : DR Congo : New ' Kivu Security Tracker ' Maps Eastern Violence,T
735,22 arrestados tras protestas en Atenas | El Mundo,T
736,El odio : historia de una golpiza - 06 . 12 . 2017,T
737,Barbara Benedettelli Le violenze ? Anche le donne commettono abusi,T
738,Ultima Ora,T
739,Women in Bor demand end to early and forced marriage,T
740,What were the most discussed Facebook moments of the year ? Terror attacks and International Women Day among biggest news,SH
741,Can Cong breach urban BJP stronghold of ' diamond city ' Surat ?,T
742,HIV - infected child rapist jailed for 22 years,SA
743,Cameroonians flee anticipated military offensive on secessionists,SA
744,Police in Rio de Janeiro Arrest Drug Kingpin Behind Gang War in Brazil Largest Favela,M
745,Capturan a dos sujetos por robo a OXXO,T
746,Gymnast shocking revelation : ' Drugged and made to lay nude ',T
747,Forum thread : Islam is evil,T
748,Babri Masjid demolition anniversary : Left parties observe black day in Puducherry,T
749," ' Midnight , Texa Canceled Or Renewed ?",T
750,Informatiu vespre 06 de desembre del 2017,T
751,Diourbel,T
752,Hidrocalidodigital,T
753,Thai police arrest Hells Angels gang members,T
754,Academia has its own Weinstein problem . Here what we can do about it . - The Daily Orange,SH
755,"ONR chce delegalizacji partii Razem . "" Absurd "" - Polityka",T
756,"Mark Lavandowski of Pittsboro accused of hiring a fellow inmate at the Chatham County jail by paying his bail to kill his wife , Diane Lavandowski",M
757,Estas son las noticias destacadas del 6 de diciembre,M
758,"Lozinci anti maghiare de 1 decembrie . Kulcsar Terza Jozsef , scrisoare cu dovezi | DC News",T
759,Mishandling protests - Newspaper,T
760,Stoltenberg Stresses NATO ' Defense And Dialogue ' Approach To Russia,T
761,Crece violencia en el municipio de Temixco,T
762,Pamplin Media Group,T
763,Teen dating violence stories being sought,M
764,Saakashvili to begin impeachment of Poroshenko - Georgia ex - president adresses his supporters,M
765,Donbas conflict in Ukraine - Tillerson : Ukraine peacekeepers in Donbas are US priority,T
766,"St . Ambrose sees rise in sexual violence reports , attributes to",SA
767,"What drives Africa instability , what can be done about it",SH
768,Mitarbeiterin im Jugendamt bedroht : Wird Geiselnehmer von Pfaffenhofen angeklagt ? | Oberbayern | Nachrichten,T
769,Al Cinema Eden due appuntamenti a ingresso libero per raccontare lesodo in atto sul nostro pianeta,T
770,Kildare Nationalist,T
771,HUD : Homelessness rises 6 . 6 percent in NH - News - seacoastonline . com,T
772,Wichita literacy : What the cost when young kids cant read,T
773,"Trump Jerusalem move regrettable , says France Macron",SH
774,"How the Far Right Hijacked the Knights Templar , Who Were Sympathetic to Muslims",T
775,One year passes since the death of GA police officers Jody Smith,M
776,"Doar un kilometru din 12 are asfalt ! Bistrita - Nasaud , la coada clasamentului cand vine vorba despre drumuri modernizate",T
777,Opposition SLPP presidential candidate,T
778,Vigil to mark Sandy Hook anniversary | Local News,T
779,Myanmar Rohingya Crisis Enters a Dangerous New Phase,T
780,Monitor . bG,T
781,This nativity scene makes a statement about gun violence - KXLH . com,M
782,Terry Crews suing - Entertainment News,SA
783,9 Kasus Kematian di Indonesia yang Jadi Viral Sepanjang Tahun 2017,T
784,Jane Hutt column : View from the Senedd,T
785,John Lewis says he may not attend Mississippi Civil Rights Museum opening if Trump is there - Politics,T
786,House passes interstate concealed - carry gun bill,M
787,"Milo Yiannopoulos wont pay $50 , 000 for Melbourne chaos",T
788,Gay Man Runs Against County Clerk Who Denied Marriage Licenses,T
789,Buscan combatir violencia hacia la mujer,T
790,"Nepal clocks 67 % voter turnout in final phase of historic poll : PTI feed , News",T
791, # NoExcuse campaign to stick around for a long time,SH
792,President Trump recognises disputed city of Jerusalem as Israeli capital,T
793,Horrifying images of the raging wildfires in Southern California show how rapidly destruction has spread,T
794,"Female Cop Brings Up ' White Male Privilege ,' Is Suspended",T
795,Dozens of Tanzanian opposition members detained,T
796,Workshop calls for better inclusion of women with disabilities in society,M
797,This nativity scene makes a statement about gun violence,M
798,Fengselsansatte fortviler etter budsjettkutt - NRK Rogaland,T
799,How do local Jewish leaders feel about Trump Jerusalem decision ?,T
800,Vinculan a 2 sujetos en al menos 40 robos con violencia a tiendas,T
801,A dark chapter in Canadian history,T
802,Groups offer tours of Venezuela s murder hot spot,M
803,"Sgozza gallina e minaccia ex , condannato - Italia",M
804,Basil Borutski went looking for a fourth victim on the day of his rampage,M
805,Anschlag auf Adventmarkt geplant : Mann in Graz verhaftet,T
806,BC - RNS - JERUSALEM - TRUMP,T
807,Village - based women urged to seek Samoan chiefly titles,T
808,"Trei tineri , banuiti de furt si talharie , retinuti de politistii constanteni",T
809,"UN evacuates staff as Yemen crisis worsens , threatens women , girls",M
810,Protestas por joven asesinado deja 22 arrestados en Grecia,T
811,WCSU Professor Featured on PBS News Hour to Discuss His Project,T
812,Babri Masjid demolition anniversary peaceful in UP,T
813,Oxfam launches drive to raise voice against domestic violence | Islamabad,T
814,France Macron says Trump Jerusalem move ' regrettable ' | French News,SH
815,Una vita da social : la campagna della Polizia Postale,T
816,"Over 30 families to benefit from "" Shop With A Cop "" | News",M
817,Trey Songz Being Sued By Woman In Strip Club Assault | WNBM - FM,SA
818,President Trump : Us Recognizes Jerusalem As Israel,T
819,Guest Column : School counseling takes many forms - Columns,SA
820,"The Melting Pot , Finborough Theatre review",T
821,Briefings : Ageing population challenge for New Zealand with pension to cost $1 . 3m,T
822,Incendii in California : Circa 200 . 000 de persoane au primit ordine de evacuare,T
823,Arab Herald,T
824,"As Rohingya refugee crisis escalates , women emerge as front - line responders - Bangladesh",T
825,Troubled meat market is key supplier for Haiti s capital,T
826,"Troscoat . Rencontre avec un auteur , samedi - Morlaix",T
827,About 11 000 displaced people flee violence in CAR,M
828,House Votes to Sharply Expand Concealed - Carry Gun Rights,M
829,Tillerson acusa a Rusia de instigar la violencia en el este de Ucrania | Actualidad,T
830,Androscoggin County indictments,T
831,"5 Things to Do This Week , Dec . 9 - 15 - News - Beverly Citizen",T
832,Oklahoma congressional and faith leaders react to decision to recognize Jerusalem as Israel capital,T
833,Texas shooting suspect faced family violence assault charge,SA
834,Trump Announcement on Jerusalem Explained,T
835,"Condemn Como racists , no divisions says Renzi ( 3 )",M
836,BHcare to Expand Access to Behavioral Healthcare Throughout Connecticut in Partnership with Qualifacts,M
837,Police on trail of runaway ' high risk ' dangerous sex offender after Moe sighting,SA
838,"Lisieux . Rixes  coups de couteau , huit  douze mois ferme",T
839,Report : Look to solutions beyond health care to keep so many Ohio babies from dying - News - The Daily Jefferson,T
840,How Whisper Networks and Safe Spaces Help Teen Girls Overcome Sexual Violence in Conflict Zones,SA
841,EU seeks end to violence against women in Nigeria,T
842,Brent Musburger wants ' snowflake to stop preaching about NFL violence,M
843,Horsham woman shares her family struggles with family violence,M
844,Man accused of vicious knife attack on ABQ bus found not guilty,M
845,The ethnification of electoral conflicts in Kenya,T
846,Kurdistan parliament labels Tuz Khurmatu violence as ' genocide ',T
847,Bolivia lawmakers vote to ease right abortion restrictions,T
848,House votes to expand concealed - carry rights on same day as gun violence vigil,T
849,Folha de S . Paulo,T
850,Eyewitness To History : 2017,SH
851,526 Muertos por violencia en provincias congolesas de Kivu desde junio | Internacionales,T
852,"Borutski sentenced to 70 years , went looking for fourth victim",SA
853,John Conyers III arrested in February for domestic violence ; not prosecuted - Story,T
854,Though in Ghana Obama speech was for Kenya and Kenyans - Kachwanya . com,T
855,EEUU emite alerta de viaje a Honduras,T
856,"Sgozza gallina e minaccia ex , condannato",M
857,Carroll State Attorney tapped by Hogan to fight gangs,SA
858,"Nepal troubled south to vote in historic polls , South Asia News & Top Stories",T
859,COURT : Accused allegedly slashed man with broken glass,M
860,The Story Behind The Song : Profession Of Violence by UFO,T
861,World : Geneva international community unites to end violence against women and girls,T
862,Germany : Nationwide raids on G20 protesters,T
863,Paedo porn abuser forced to pay restitution to six - year - old victim,SH
864,Carer for homeless named shire 2018 Citizen of the Year,SH
865,"B . C . woman discovers mother murder online , lays down shoes at memorial every year - British Columbia",M
866,"Man suspected of killing officer , lived in ' house of horrors ,' neighbo",M
867,Imran Khan appears before ATC in 2014 Parliament attack case,T
868,"WDTN : News , Weather , Sports in Dayton , Ohio",T
869,Thank Trump for supporting Israel,T
870,Piura : Militar asesina a su pareja por negarse a mantener relaciones - Diario Expreso,T
871,"Custodele Coroanei : Ca buna romanca , imi inchin viata romanilor de pe tot Pamantul",T
872,"Afghanistan , un vademecum per aiutare le donne vittime di violenza",T
873,"Associated Press news , sports and entertainment on The Advocate",T
874,Evropejci se delajo Francoze,T
875,Horn News Archives,T
876,LaVerdad,T
877,"Explosion in refugee camp leaves casualties , southeast of Mosul",M
878,"Kremlin , Russian Military Declare the End of Islamic State Group in Syria | News",T
879,Police return to farm - Vernon News,SA
880,Burundi - ARIB asbl Website,T
881,"Ivrea , padre padrone puniva la figlia di pochi mesi con docce gelate",T
882,A teacher in hiding inspires students in moving drama ' The Fencer ',T
883,Antena Satelor,T
884,Belize and El Salvador working together to Strengthen Citizen Security,T
885,US secretary of state says Russia instigating violence in east Ukraine | World | English edition,T
886,The state of Syria northwest : A month - long reporting series,T
887,Baja California Sur registra una ola de violencia sin precedentes,T
888,Registered sex offender Magot Machol on the run,SA
889,This year Women Resource Center gala focuses on education | Community,SH
890,"Inadequate staffing levels puts staff and inmates "" at risk "" at HMP Chelmsford",M
891,Mateusz Morawiecki : kim wicepremier jest w partii PiS ? - Polityka,T
892,Violence experienced by expecting mothers detectable in the DNA of their grandchildren,T
893,"Pukul Istri , Ketua BPD Hipmi Jateng Terancam Dicopot Dari Jabatannya",T
894,Florida Senate panel rejects three bills to expand gun rights,M
895,"Fascismo : Zanda , ' Repubblica ' prosegua con coraggio suo lavoro",T
896,"Sibilia sul rinvio a giudizio : "" Agito in difesa dei cittadini """,T
897,"CBO concludes GOP tax bill would leave middle , lower - income Americans poorer",SA
898,Reset Society transforms the lives of sexually exploited women and girls,T
899,Troubled meat market is key supplier for Haiti capital,T
900,Protest in Piata Revolutiei din Baia Mare . Vezi motivul ( FOTO ),T
901,"Ventura County fire : Photos of destruction in LA , Southern California",T
902,Terra Magazine,T
903,"Hans Klemm , la Mures . Discutii cu Raed Arafat",T
904,Bill to fix gun reporting system draws support from both sides | News,T
905,"Grave infortunio sul lavoro , giovane di 26 anni finisce in ospedale",T
906,"Gabriela launches warning for women vs abuse | Headlines , News , The Philippine Star",T
907,What turned a happy Northland family man into lamp post attacker ?,SA
908,Exodus,T
909,9 Orang Ini Bukan Artis Tapi Kematiannya di 2017 Sangat Mengejutkan,T
910,"Novi Ligure - Stalking e violenza sulla ex , assolto dalle accuse per insufficienza di prove - Alessandria",M
911,3 violent Houston road rage incidents in 2 days,T
912,"Rafael Bielsa : "" Los libros son una caja de Pandora """,M
913,"If India takes the lead in ethical and moral education , China will follow : Dalai Lama",T
914,Trump move on Jerusalem highlights Arab divisions,T
915,LIVE : Same - sex marriage rolls towards becoming law,SA
916,Un zbor de pe ruta New York,T
917,Censorship to set a blaze on social network,T
918,Bob McLain Show 12 - 6 hr 4,T
919,TV crew from Netherlands examines gun violence in Cincinnati for documentary,M
920,"Dosarul incidentului auto in care a fost implicat deputatul Ioan Terea , inregistrat la Parchetul General",T
921,Ram Rahim Honeypreet Insaan has no money to hire lawyer,M
922,"Review : THREE BILLBOARDS OUTSIDE EBBING , MISSOURI ( 2017 )",T
923,"Ammunition , explosive devices and stolen vehicles seized in major gang bust at Langley farmhouse - BC",T
924,"Disasters , conflict displace 2 . 7 mln in Africa in 2017 - Xinhua",T
925,Stopp volden og trakasseringen !,T
926,"Future status of Jerusalem should be decided through direct negotiations : MFA , Singapore News & Top Stories",T
927,Page A01 | Messenger - Inquirer E - Edition,T
928,In Nepal : Restive south votes in historic polls - World,T
929,Bahrain takes new step forward to end domestic violence,T
930,"Orvieto Fc , il settore del calcio a 5 fa il pieno di vittorie",T
931,"Skinhead Como , disposte perquisizioni - Emilia - Romagna",T
932,Fear of Palestinian backlash has Israel on full alert | World,T
933,The Late Late Show will be seriously star - studded this weekend,T
934,"Gracia Indri Soal Alasan Gugat Cerai David NOAH : KDRT , Tidak Beri Nafkah",T
935,Groups double down on national reciprocity debate as vote looms,T
936,Gavin De Beyer jailed for 25 years over wife murder,M
937,Solomon Islands welcomes Gold Coast 2018 Queen Baton as Relay approaches Australia,T
938,Duff rekindles romance - Entertainment News,T
939,Le palais de justice pris dassaut !,T
940,News Details,T
941,A BOLA,T
942,Ex - Cowboy Greg Hardy set to fight amateur heavyweight bout in Dallas for Legacy Fighting Alliance,M
943,"Madhya Pradesh : Stop Misusing Hate Speech Laws , Says Amnesty International India",T
944,How London will honour victims of violence against women today - London,T
945,Montreal Massacre anniversary marked at B . C . ceremony,M
946,"Film Clips : Dec . 7 , 2017 | Entertainment",SH
947,"Ex - NFL star Warren Moon grabbed woman crotch and removed her bathing suit , sexual harassment lawsuit alleges",SH
948,Locals bear the burden as regional towns struggle to find family violence workers - ABC Rural,T
949,Thought Police,SA
950,U . S . spends twice as much on tax breaks for rich homeowners as it does poor ones,T
951,Montreal massacre still resonates in Port aux Basques 28 years later | Living | The Telegram,M
952,Niger evacuates 500 of its nationals from Libya,T
953,Why evangelicals are ' ecstatic ' about Trump Jerusalem move | National Politics,T
954,Bahamas set for first visit by UN expert on violence against women,M
955,Mons . Morfino benedice il Presepe,T
956,Pennsylvania Firearm Owners Association Discussion Forum,T
957,Whitsunday island resorts face Land Act ' action ',M
958,"Pukul Istri , Ketua BPD Hipmi Jateng Terancam Dicopot dari Jabatannya",T
959,Aseguran inmuebles relacionados en hechos delictuosos,T
960,"President Mamnoon Hussain , Erdogan discuss US decision to recognise Jerusalem as Israel capital",T
961,Region unequipped to support family violence survivors,M
962,Sri Lanka should tackle sexuality and gender identity bias,T
963, ' Murthal gangrape : Haryana submits final report in high court | punjab$regional - takes,T
964,Fortney : Calgary commemorates national day dedicated to preventing violence against women,M
965,US missions warn citizens in wake of Jerusalem decision,T
966,Centrafrique,T
967,Madaxda Dunida Muslimka oo si caro leh uga jawaabay goaanka Madaxweyne Trump,T
968,Report : Ethiopia continues malware attacks on dissidents in other countries,T
969,Trabajadoras sexuales denuncian violencia institucional contra sus derechos humanos,T
970,Yokota airman looks to help other domestic abuse victims,T
971,Satish Shetty murder : Charge sheet filed against IRB in Lonavala land scam,M
972,Fears of Islamophobia renewed in Poland after attack on Muslim Centre,M
973,Ketlin la asesinaron de un golpe en Puebla,T
974,"Scribes , writers discuss child rights and media",SA
975," ' If India takes the lead in ethical and moral education , China will follow '",T
976,Regional leaders urged to unite S . Sudan opposition to end war,T
977,"Highlights from the Supreme Court oral arguments on the drug war | Headlines , News , The Philippine Star",T
978,Africa Leader,M
979,"Roma , donna trovata morta nel bagno dalla figlia",T
980,Family Law Week : Re D ( A Child ) [ 2017 ] EWHC 3075 ( Fam ),SA
981,Murder accused Andew John Cobby to remain behind bars for Christmas,M
982,SDF Rebel Defector : US Coalition Made Secret Deals with ISIS in Syria,M
983,"Terror , violencia , esperanzas y vanguardias : : El Litoral - Noticias - Santa Fe - Argentina",T
984,147 420 euros pour les femmes victimes de violences en Seine - Saint - Denis,T
985,Why evangelicals are ' ecstatic ' about Trump Jerusalem move,T
986,"Jerusalem is sacred place for Jews , Muslims , Christians",T
987,"Blitz naziskin a Como , a Genova sequestrati cellulari e vestiti",T
988,CABONNE CORNER : A step closer to turning Molong hall into library,T
989," ' Midnight , Texa Canceled Or Renewed For Season 2 ?",T
990,"Drug bust : 19 charged in case involving heroin , fentanyl and cocaine sales in Milwaukee area",M
991,RD Congo,T
992,How One Woman in Uganda is Speaking Out Against Gender - Based Violence,T
993,Maquila aeroespacial,T
994,Hells Angel bikies arrested in Thailand,T
995,El Dorado News Times Meeks to hold church safety seminar at El Dorado Municipal Auditorium,T
996," ** Fascismo : Renzi , attacco a Repubblica gesto preoccupante **",T
997,Statutul Ierusalimului : Opt tari cer o reuniune de urgenta a Consiliului de Securitate al ONU,T
998,Autoritatile germane au dat in urmarire sute de extremisti de dreapta,T
999,House passes bill loosening gun restrictions | Utah,M
1000," "" Con le mani nel cotone "": la Valle Scrivia , la violenza familiare e il riscatto alla Filanda | Liguria | eventi",T
1001,Woman boyfriend charged with murder after her death in Meridian | Local News,M
1002,"After horrors of Syria and Yemen , ESL Newcomer teens try to find peace in Louisville",M
1003,"Acuzatii ale numarului 2 din PSD : Se naste o extrema violenta in strada , controlata de USR",T
1004,High drama ahead of Trump Jerusalem speech,T
1005,Agenda lista para celebrar la Navidad en Ibarra : Noticias Imbabura,T
1006,"Shoplifting , coke use up : NSW crime stats",T
1007,"Perquisizioni al gruppo di estrema destra "" Veneto Fronte Skinheads """,T
1008,"Cheated , Looted And Oppressed : The Story Of Adivasi Farmers In Odisha",T
1009,Plataforma Multiservicios,T
1010,National Day of Remembrance against violence,T
1011,"For women theatre such as Toronto Nightwood , ' the game has changed '",M
1012,British paras seek anonymity in Official IRA murder case,M
1013,Former NFL running back Ray Rice discusses domestic violence at LU | Virginia,SA
1014,US House approves easing of interstate rules on concealed guns,T
1015,"Ayer detenido , hoy muere en los separos edil de Nahuatzen",T
1016,Chief Conrad : Crime dip shows progress after record - breaking murders,M
1017,"MHA implements CBM , raises JKP martyr relief at par with CAPFs",M
1018,Saharanpur riot case : HC stays arrest of Vinay Kumar,T
1019,Headlines Ignore the Abuse Reports That Make Moore Endorsement Newsworthy | By Adam Johnson,SA
1020,16 Days of Activism Meeting Focuses on Expanding Women Political Space in Iraq - Iraq,M
1021,"The top 10 things to do in Fort Worth | Dec . 8 - 14 , 2017",T
1022,"Alianzas con el pueblo , no con el poder : Marichuy",T
1023,Volunteer To End Violence Against Women,T
1024,"Ventimiglia - Arrestato uno dei violentatori delle due ragazze , identificato laltro | Liguria | Imperia",T
1025,Chinese firm sues Venezuela as crisis tests ally patience,T
1026,"Benue , Nassarawa , Kaduna , Plateau lose 47 per cent revenue to conflicts yearly - CSO",T
