Time Person of the Year 2017 : Who are The Silence Breakers ?,SH
Silence Breakers News,SH
Mainstream Media Just Admitted Billions of Your Tax Dollars Are Funding Child Rape on a Massive Scale,SA
5 Ways France Will Try To Stop Sexual Harassment And Abuse,SH
 Me Too ' movement named Time ' Person of the Year ' - WMC Action News 5,SH
Texas Rep . Blake Farenthold says hell repay taxpayers for sexual harassment settlement,SH
Gallagher supports bill to nix Congres sexual harassment ' hush fund ',SH
We Said Enough leader named Time ' Person of the Year ',SH
Oklahoma RB Anderson accused of sexual assault ; he denies it,SA
"Timeline in sentence , release of ' Halloween Killer ' Gerald Turner",M
Democratic women senators call on Franken to resign amid sexual misconduct allegations,SH
"Inside Harvey Weinstein  ' Complicity Machine ': Report Claims Coverups , Collusion & Intimidation Tactics",SH
Women behind # MeToo movement named Time magazine 2017 person of t ..,SH
"Enzi maintains call for Moore to drop out of race , Barrasso said voters will decide | Regional News",SA
Gwyneth Paltrow recalls ' devastating ' phone calls with fellow Weinstein accusers,SA
Merkel Hails Sex Assault ' Silence Breaker Honored by Time Naharnet,SA
6 women file lawsuit alleging ' Weinstein Sexual Enterprise ' | National News,SA
"Enzi maintains call for Moore to drop out of race , Barrasso said voters will decide | 307 Politics",SH
"Botler . AI new chatbot analyzed 300 , 000 court documents to help sexual harassment and assault survivors",SH
"6 women file lawsuit alleging ' Weinstein Sexual Enterprise ' - KLTV . com - Tyler , Longview , Jacksonville",SA
Tennessee Law Leaves Many Schools Afraid to Teach Sexual Abuse Prevention,SA
Time names # MeToo movement person of the year,SH
Merkel thanks # MeToo movement for sparking global debate,SH
Dim Prospects for a Chinese # MeToo Movement,SH
Thornton mom says her daughter was sexually assaulted at Massage Envy,SA
Who are The Silence Breakers & ' Me Too ' Movement history,SH
"Wisconsin sex offender lured teen girls to his home , offered vodka and weed , police say",SA
Netflix Fires Danny Masterson From ' The Ranch ' Amid Sexual Assault Allegations,SA
 The Silence Breaker recognized as TIME Person of the Year - Entertainment News,SH
Kellyanne Conway and CNN s Chris Cuomo Debate Sexual Assault Charges,SA
Man detained by police over alleged rape in Edinburgh,SA
"UPDATED : OU running back Rodney Anderson faces rape allegation , denies woman claim | Dont Miss This",SA
Taylor Swift Opens Up About Sexual Assault Case,SA
"Errors decline , sexual assault spikes in Connecticut hospitals The Daily Campus",SA
Is it possible to eradicate sexual harassment in workplaces ?,SH
Sex assault at Niles hotel leads to prison for Guatemalan man | Local News,SA
The ' silence breaker of # MeToo movement named Time magazine 2017 person of the year,SH
 MeToo ' movement named Time magazine Person of the Year | National News,SH
"Aactas 2017 : Lion blitzes Australian film awards , and calls for ' real change ' in industry | Film",SH
Al Franken Accuser Leeann Tweeden Speaks Out About Sexual Misconduct Allegations Against Senator,SH
"Taylor Swift , Among Other ' Silence Breakers ,' Named TIME Person of the Year",SH
# MeToo movement named Time ' Person of the Year ',SH
Michigan Tech among recipients of campus sexual assault,SA
 What Were You Wearing ?' UMMA exhibit seeks to argue against generalizations,SH
Weinstein accused of racketeering in class action suit - France,SH
Women behind # MeToo movement named Time magazine 2017 ' Person of ..,SH
6 women file lawsuit alleging ' Weinstein Sexual Enterprise ',SA
Ore . senator among ' Silence Breaker honored as Time magazine Person of the Year,SH
"UPDATED : OU running back Rodney Anderson faces rape allegation , denies woman claim | Oklahoma",SA
Senator Al Franken Must Resign After Evidence of Sexual Assault Emerges,SA
Bulgaria : information for victims of rape and sexual assualt,SA
"Kolkata sexual assault case :  School regrets revealing victim s identity , rights group threatens action",SA
"Southern Colorado sex offender sentenced to 3 , 180 years in prison",SA
Kolkata child sexual assault : Soon schools need to declare infrastructure details,SA
"RNC renews support for Roy Moore amid allegations , polls hint at a GOP victory in Alabama",SA
Bannon Campaigns For Roy Moore,SA
 Me Too ' movement named Time ' Person of the Year ' | Dont Miss This,SH
Terry Crews Silence Breaker Files Sexual Assault Lawsuit Against WME,SA
Attorney : more than 10 victims accuse Amarillo neurosurgeon,SA
Home And Away Lisa Gormley shares her experience of sexual harassment at work,SH
Merkel hails sex assault ' Silence Breaker honoured by Time | German News,SA
Taylor Swift Shares the Cover of Time Person of the Year Issue,SH
"Harvey Weinstein , Weinstein co . face class - action racketeering lawsuit over sexual harassment",SH
Former Stanford Swimmer Brock Turner Files to Appeal Sexual Assault Convictions,SA
Roy Moore sexual assault allegations cloud Alabama special Senate election,SA
The ' silence breaker of # MeToo movement named Time magazine 2017 ' Person of the Year ',SH
The woman who pressured Massage Envy to take action against sexual assault says that sometimes companies ' need a crisi to tackle problems,SA
"CU Boulder alum turned activist , author shares her story on military rape",SA
Prosecutors : Dentist Did More Than Kill Mistress Toddler,M
delhi mansarovar park massacre guard family accused conspiracy disclosure - Jurm,M
Two prison inmates charged in Central Texas woman fiery 2006 death,M
Halifax commemorates catastrophic explosion,M
Illegal immigrant indicted on federal charges after San Francisco murder acquittal | News,M
Arrest made in NBA star Lorenzen Wright murder 7 years after his dea,M
Malta : 3 incriminati omicidio reporter - Europa,M
Walter Scott killing : Expert says struggle over stun gun preceded shooting | News,M
Scott youngest son takes the stand in sentencing hearing of ex - cop,M
Basil Borutski Sentencing begins with victim - impact statements,M
Police charge 2 Toronto men in August homicide at Mississauga home - Toronto,M
The Latest : New charges for man acquitted of pier shooting,M
3 employees charged with murder after woman left in van of Brenham living center,M
Walter Scott killing : Expert says struggle over stun gun preceded shooting,M
Arrest Made 7 Years After NBA Player Lorenzen Wright Murder,M
San Francisco prosecutor defends handling of Steinle trial,M
Malta : 3 incriminati omicidio reporter - Mondo,M
"Yemen former leader , Ali Abdullah Saleh , killed in Sanaa after making ' peace overture to Saudi -- Puppet Masters",M
Moreno to face scheduling on first degree murder charges,M
"A year after state mistrial , officer awaits federal sentence",M
Lorenzen Wright Murder : Arrest Made 7 Years After Ex - NBA Player Was Shot & Killed,M
Levi Bellfield ex speaks about the abuse she suffered,M
Mark Smich lawyer gives closing address to jury at Laura Babcock murder trial - Toronto,M
Trial opens in death of Tennessee teen who shielded girls from gunfire,M
Illegal immigrant indicted on federal charges after San Francisco murder acquittal,M
"Mexican acquitted of murder faces gun , immigration charges - National News - Fox Bangor",M
Teen charged with second - degree murder in slaying of grandmother,M
Supreme Court hears arguments in claim against Iranian antiquities,T
Film Academy To Tackle Sexual Harassment And Abuse Scandal,T
The Politics of the North Korea Terrorism Designation,T
Elite Army Rangers among the hundreds of Defence Forces members involved counter - terrorism exercises across Dublin,T
India will always raise voice against terrorism,T
Marchers in Ocean Springs ask city leaders to change vote on flying state flag,T
"Africans hail quality education , life in Turkey",T
 Mass arrest ' for communist leaders : Duterte,T
Pakistan suffering due to revengeful accountability : Nawaz,T
Over Rs150m released for rehabilitation of terror - hit infrastructure in KP,T
Babri Masjid demolition : Denying the plurality of the Ramayana is a tool for fostering hate,T
SIDEBAR Grigory Rodchenkov : The crucial link in Russia doping scandal,T
A US proclamation of Jerusalem as Israel Capital is reckless and premature,T
Singapore training 40 commandos - ASEAN / East Asia,T
The career of Rep . John Conyers Jr .,T
"Watch : Angelina Jolie Calls for International Female Solidarity Through Art : "" Help Them Tell Their Stories """,SH
"UAE and Saudi Arabia form new group , separate from GCC",T
"Robredo backs Duterte declaration designating CPP - NPA as terror group | Headlines , News , The Philippine Star",T
 Mastermind ' arrested over Banani businessman murder,T
"Explainer : Can Duterte declare CPP - NPA as terrorists ? | Headlines , News , The Philippine Star",T
"Jaipur court sentences 8 LeT terrorists to life imprisonment , Hindi News",T
"Report Reveals How Extremists Narrowly Apply Scripture , Distort Interpretations , Islamic World News , New Age Islam News Bureau , New Age Islam",T
Crucial GCC Summit begins today in Kuwait,T
"Nigeria , Saudi Arabia , Other Nations Team up against Global Terrorism",T
Pakistan is incomplete without Kashmir : PaK President,T
Mayor London Sadiq Khan arrives in city,T
Bahrain News Agency,T
"Nigeria , Saudi Arabia , Other Nations Team Up Against Global Terrorism",T