,0
0,Prosecutors : Dentist Did More Than Kill Mistress Toddler
1,Tennis coach accused of hitting 5 - year - old wants case dismissed under Florida self - defense law
2,El Nuevo Diario
3,delhi mansarovar park massacre guard family accused conspiracy disclosure - Jurm
4,Malta : tre uomini incriminati per omicidio giornalista - Malta
5,"India Plural Soul , Islam and Politics , Gopalkrishna Gandhi , New Age Islam"
6,Sign language interpreter delivered gibberish in Florida
7,Two prison inmates charged in Central Texas woman fiery 2006 death
8,Halifax commemorates catastrophic explosion
9,BOMBA ! PCCOCS a pornit cauza penala pe importul de energie semnat de Dodon si Greceanii in 2008
10,Should Buyers Be Told About the Killer Next Door ?
11,Illegal immigrant indicted on federal charges after San Francisco murder acquittal | News
12,Arrest made in NBA star Lorenzen Wright murder 7 years after his dea
13,"Roma , droga nel biberon a figlia di 3 anni : a processo per tentato omicidio"
14,"Malta , 3 uomini incriminati per lomicidio della giornalista Daphne Caruana Galizia"
15,Malta : 3 incriminati omicidio reporter - Europa
16,"Doamnelor , nu pozati nud nici pentru iubit . Ce a patit o femeie din Dej"
17,Walter Scott killing : Expert says struggle over stun gun preceded shooting | News
18,Scott youngest son takes the stand in sentencing hearing of ex - cop
19,National News
20,Hombre cenaba en su casa cuando pandilleros entraron y lo mataron
21,Illegal immigrant indicted on federal charges after San ...
22,Basil Borutski Sentencing begins with victim - impact statements
23,Police charge 2 Toronto men in August homicide at Mississauga home - Toronto
24,Objavljena posljednja fotografija Charlesa Mansona prije smrti ?
25,The Latest : New charges for man acquitted of pier shooting
26,3 employees charged with murder after woman left in van of Brenham living center
27,Perception gap : global poll reveals how we overestimate the bad stuff | Politics
28,Fake interpreter fools Tampa cops
29,Desestiman cargos de asesinato a hermanos dominicanos implicados en la muerte a tiros de un hombre
30,Walter Scott killing : Expert says struggle over stun gun preceded shooting
31,Arrest Made 7 Years After NBA Player Lorenzen Wright Murder
32,Tovino Thomas Oru Kuprasidha Payyan Will Narrate A Mystery Tale !
33,params [' title '] ) ? >
34,Fake sign language interpreter delivered gibberish in Florida
35,San Francisco prosecutor defends handling of Steinle trial
36,Nyut . am
37,Malta : 3 incriminati omicidio reporter - Mondo
38,"Yemen former leader , Ali Abdullah Saleh , killed in Sanaa after making ' peace overture to Saudi -- Puppet Masters"
39,Moreno to face scheduling on first degree murder charges
40,UK government made no analysis of Brexit economic impact
41,TV Guide united kingdom TV Listings
42,Pressan . is
43,Scott s youngest son takes the stand in sentencing hearing of ex - cop
44,Almanyadaki Nsu Cinayetleri Kitaba Konu Oldu
45,"FOTO / Localnicii din satul autostopistilor criminali , marturisiri cutremuratoare de ancheta : "" Maica - sa a facut preinfarct cu politia la united states """
46,"A year after state mistrial , officer awaits federal sentence"
47,Lorenzen Wright Murder : Arrest Made 7 Years After Ex - NBA Player Was Shot & Killed
48,Levi Bellfield ex speaks about the abuse she suffered
49," "" Tentato omicidio "": in manette il capo ultras della Juventus - Cronaca"
50,Mark Smich lawyer gives closing address to jury at Laura Babcock murder trial - Toronto
51,"Gherman Gorbuntov : Invinuirile aduse lui Plahotniuc , un FALS si o PROVOCARE pusa la cale de Usatii"
52,Trial opens in death of Tennessee teen who shielded girls from gunfire
53,Illegal immigrant indicted on federal charges after San Francisco murder acquittal
54,"Mexican acquitted of murder faces gun , immigration charges - National News - Fox Bangor"
55,Teen charged with second - degree murder in slaying of grandmother
56,National
